Концепция класса и объекта. Принципы и механизмы ООП.  ,"1. **Класс в ООП**:
   - **Определение**: Класс - это шаблон или формальное описание, с помощью которого создаются объекты. Он определяет атрибуты (поля) и методы (функции), которые будут доступны объектам этого класса.
   - **Принципы**: Наследование, инкапсуляция и полиморфизм являются основными принципами ООП, которые применяются при создании классов.
   - **Наследование**: Позволяет создавать классы на основе уже существующих классов, наследуя их атрибуты и методы.
   - **Инкапсуляция**: Объединение данных и методов внутри класса и ограничение доступа к данным за пределами класса.
   - **Полиморфизм**: Возможность объектов разных классов обладать одинаковым интерфейсом (методами) и вести себя по-разному.

2. **Объект в ООП**:
   - **Определение**: Объект - это экземпляр класса, созданный на основе его шаблона. Объект содержит конкретные значения атрибутов и может вызывать методы класса.
   - **Создание объекта**: Для создания объекта используется конструктор класса (обычно это метод `__init__`), который инициализирует атрибуты объекта.
   - **Взаимодействие объектов**: Объекты могут взаимодействовать друг с другом, вызывая методы других объектов или передавая данные между собой.

В целом, классы представляют абстракцию, позволяющую описать конкретные объекты определенного типа, а объекты являются конкретными экземплярами этих классов, обладающими своими уникальными значениями атрибутов. ООП облегчает разработку программного обеспечения, делая код более структурированным, модульным и масштабируемым."
"Объявление  класса,  конструктор,  создание  объектов  и  одиночное наследование  в  Python.  Управление  доступом  к  атрибутам  класса  в  Python.
Полиморфизм и утиная типизация, проверка принадлежности объекта к классу в
языке Python. ","Объявление класса в Python происходит с использованием ключевого слова `class`, за которым следует имя класса и двоеточие. Класс может содержать атрибуты и методы. Конструктор класса определяется методом `__init__`, который инициализирует объект при его создании.

Для создания объектов класса необходимо вызвать его конструктор, передав необходимые аргументы. Объекты класса хранятся в переменных и могут использоваться для доступа к атрибутам и методам класса.

Одиночное наследование в Python позволяет классу наследовать атрибуты и методы другого класса. Дочерний класс указывается в скобках при объявлении класса. При этом дочерний класс может переопределять методы родительского класса или добавлять собственные.

Управление доступом к атрибутам класса в Python осуществляется с помощью использования различных уровней доступа. Атрибуты могут быть общедоступными, приватными или защищенными.

Полиморфизм в Python позволяет объектам разных классов иметь методы с одним и тем же именем, но с разной реализацией. Это дает возможность использовать одно и то же имя метода для разных классов.

Утиная типизация в Python подразумевает использование объектов без явного задания их типа. Это означает, что объект может быть использован, если он поддерживает необходимые методы или атрибуты, независимо от того, к какому классу он принадлежит.

Проверка принадлежности объекта к определенному классу выполняется с помощью функции `isinstance(obj, class)`. Эта функция возвращает `True`, если объект `obj` принадлежит классу `class`, и `False` в противном случае."
"3.Методы классов и статические переменные, методы в Python. Специальные
методы  для  использования  пользовательских  классов  со  стандартными
операторами и функциями. ","Функциональное программирование
Методы класса в Python - это функции, объявленные внутри класса, которые могут оперировать атрибутами объектов этого класса. Они могут принимать различное количество аргументов, включая аргумент `self`, который ссылается на текущий экземпляр объекта.

Статические переменные (атрибуты) в Python объявляются внутри класса, но вне любых методов с использованием ключевого слова `static`. Они являются общими для всех экземпляров класса и могут быть доступны как через экземпляры, так и через сам класс.

Специальные методы в Python (также называемые ""магическими"" или ""дандер"" методами) начинаются и заканчиваются двойными подчеркиваниями. Эти методы предназначены для переопределения их поведения в пользовательских классах при выполнении операций с объектами, такими как сложение, вычитание, вызов функций и другие.

Функциональное программирование - это подход к разработке программного обеспечения, где основной упор делается на использование функций как основных строительных блоков. Основные принципы функционального программирования включают в себя использование чистых функций, неизменяемых структур данных, функций высшего порядка, замыкания и рекурсию.

Python поддерживает функциональное программирование благодаря возможности передавать функции в качестве аргументов другим функциям, возвращать функции как результат выполнения других функций, поддерживать анонимные функции (лямбда-выражения) и другие функциональные концепции. В Python также есть встроенные функции, такие как `map()`, `filter()`, `reduce()`, которые упрощают работу с данными и позволяют использовать функциональный подход при программировании."
"4.Основные  возможности,  поддерживаемые  функциональными  языками
программирования. Поддержка элементов функционального программирования в
Python. ","Функциональные языки программирования предоставляют ряд ключевых возможностей, которые делают их отличными инструментами для работы с функциональным программированием. Некоторые из основных возможностей, поддерживаемых функциональными языками программирования, включают в себя:

1. Функции высшего порядка: Возможность передавать функции как аргументы другим функциям, возвращать функции из других функций и присваивать функции переменным.

2. Рекурсия: Возможность определения функций, которые вызывают сами себя, что удобно для решения задач, требующих итеративного подхода.

3. Замыкания: Возможность создавать функции, которые могут сохранять состояние своего окружения, даже после завершения выполнения.

4. Неизменяемость: Поддержка неизменяемых структур данных, где данные не могут быть изменены после создания, что способствует предсказуемости и упрощению отладки.

5. Анонимные функции (лямбда-выражения): Возможность создания функций без явного объявления через ключевое слово `def`.

Python, хотя и не является чистым функциональным языком программирования, поддерживает множество элементов функционального программирования, что делает его гибким инструментом для разработки. Некоторые элементы функционального программирования в Python включают в себя:

1. Функции высшего порядка: В Python можно передавать функции в качестве аргументов и возвращать функции из других функций.

2. Анонимные функции (лямбда-выражения): Python поддерживает анонимные функции, которые могут быть использованы для создания простых функций на лету.

3. Функции `map()`, `filter()`, `reduce()`: Встроенные функции Python, которые позволяют применять функции к элементам списка, фильтровать элементы списка и выполнять свертку списка с помощью указанной функции.

4. Генераторы: Возможность создания генераторов, которые позволяют эффективно обрабатывать большие объемы данных при помощи ленивой загрузки.

5. List comprehension и Generator expression: Сценарии, заменяющие циклы и управляющие конструкции в коде на более краткий и читаемый синтаксис для работы со списками и генераторами.

В результате Python предоставляет разработчикам возможность применять функции, специфичные для функционального программирования, наряду с традиционными объектно-ориентированными возможностями, что делает его универсальным и мощным инструментом для различных задач программирования."
"Концепция  «функции  –  граждане  первого  класса»  в  языке
программирования,  поддержка  этой  концепции  в  Python.  Специфика  лямбда-
функций  в  Python  их  возможности  и  ограничения.  Типичные  сценарии
использования лямбда-функций в Python. ","Концепция ""функции - граждане первого класса"" в языке программирования означает, что функции в данном языке можно использовать так же, как и другие типы данных, такие как целые числа, строки или списки. Это означает, что функции могут быть переданы как аргументы, возвращены из других функций, сохранены в переменных и т.д.

В Python функции действительно являются гражданами первого класса, что делает его функциональным программированием удобным. В Python также доступны лямбда-функции, которые являются анонимными функциями, обычно используемыми для создания простых функций на лету.

Специфика лямбда-функций в Python включает в себя следующее:

1. Лямбда-функции могут содержать только одно выражение.
2. Лямбда-функции могут принимать произвольное количество аргументов, но иметь только одно выражение.
3. Лямбда-функции не имеют имени и могут быть использованы там, где нужна анонимная функция.

Ограничения лямбда-функций в Python включают в себя:

1. Они ограничены только одним выражением, что ограничивает их сложность.
2. Из-за своей анонимной природы лямбда-функции могут быть сложными для отладки.

Типичные сценарии использования лямбда-функций в Python включают:

1. В функциях высшего порядка, таких как `map()`, `filter()`, `reduce()`.
2. В сортировке списков и других контейнеров данных.
3. В качестве аргументов для функций, принимающих другие функции в качестве аргументов.
4. Для создания простых функций на лету, когда это необходимо в конкретном контексте.

Лямбда-функции предоставляют компактный и удобный способ определения небольших функций в Python и являются мощным инструментом для функционального программирования в этом языке."
"Глобальные  и  локальные  переменные  в  функциях  на  примере  Python.
Побочные эффекты вызова функций и их последствия. ","В Python глобальные переменные - это переменные, определенные вне функций, и они доступны из любого места программы. Локальные переменные - это переменные, определенные внутри функции, и они доступны только внутри этой функции.

Рассмотрим пример глобальных и локальных переменных в Python:

```python
global_var = 10

def example_function():
    local_var = 20
    print(""Локальная переменная local_var внутри функции:"", local_var)
    print(""Глобальная переменная global_var внутри функции:"", global_var)

example_function()

# Попытка обратиться к локальной переменной извне вызывает ошибку
# print(local_var)
```

При вызове `example_function()` мы видим, что локальная переменная `local_var` доступна только внутри функции, тогда как глобальная переменная `global_var` доступна как внутри функции, так и за ее пределами.

Побочные эффекты вызова функций относятся к внешним видимым изменениям, которые происходят в результате вызова функции. Например, функция может модифицировать глобальные переменные, изменить состояние других объектов или выполнить другие действия, влияющие на окружающее программное окружение.

Побочные эффекты могут иметь как положительные, так и отрицательные последствия. Например, побочные эффекты могут привести к изменениям в данных программы, что может привести к ошибкам или нежелательному поведению. Однако, они могут также быть полезными, например, когда функция изменяет глобальные переменные для передачи данных между различными частями программы.

Поэтому важно осторожно управлять побочными эффектами вызова функций, чтобы минимизировать потенциальные проблемы и обеспечить предсказуемое поведение программы.
"
"Вложенные функции и замыкания, специфика реализации в Python. ","В Python вложенные функции - это функции, которые объявляются внутри других функций. При этом вложенные функции могут обращаться к переменным из внешней функции, в которой они определены. Такое поведение позволяет использовать вложенные функции для организации логики программы более структурированно.

Замыкание в Python возникает, когда вложенная функция ссылается на переменные из внешней функции, и эти переменные сохраняются даже после завершения выполнения внешней функции. Таким образом, замыкание позволяет создавать функции, которые сохраняют доступ к контексту, в котором они были созданы.

Специфика реализации в Python заключается в автоматическом сохранении контекста выполнения вложенных функций и доступе к внешним переменным через замыкание. Вложенные функции и замыкания в Python используются для создания более компактного и лаконичного кода, а также для решения задач, требующих сохранения состояния переменных между вызовами функций.

Таким образом, вложенные функции и замыкания представляют мощный инструмент в Python для реализации сложной логики и создания более гибких и модульных программных решений.
"
Функции высшего порядка и декораторы в Python. ,"Функции высшего порядка в Python - это функции, которые могут принимать другие функции в качестве аргументов или возвращать функции в качестве результатов. Это означает, что функции в Python можно использовать как любые другие объекты: передавать их в качестве аргументов, присваивать переменным, создавать внутри других функций.

Декораторы в Python - это специальный вид функций высшего порядка, которые позволяют изменить поведение другой функции, не изменяя ее саму. Декораторы используются для добавления новой функциональности к существующей функции, обертывая ее вокруг другой функции. При этом декораторы позволяют сделать код более модульным, читаемым и гибким.

Использование функций высшего порядка и декораторов в Python позволяет упростить программирование за счет повторного использования кода и разделения логики программы на небольшие блоки. Функции высшего порядка и декораторы являются мощными инструментами функционального программирования в Python, которые позволяют писать более краткий и элегантный код. А также помогают сделать код более модульным, улучшая его читаемость и поддерживаемость.
"
"Концепция map/filter/reduce. Реализация map/filter/reduce в Python и пример
их использования.
","Концепция `map`, `filter` и `reduce` - это базовые функции высшего порядка в Python, позволяющие работать с коллекциями данных более эффективно.

1. `map`: Функция `map` применяет указанную функцию к каждому элементу последовательности и возвращает новую последовательность с результатами.
Пример:
```python
numbers = [1, 2, 3, 4, 5]
squared = list(map(lambda x: x**2, numbers))
print(squared)  # Вывод: [1, 4, 9, 16, 25]
```

2. `filter`: Функция `filter` применяет указанную функцию к каждому элементу последовательности и возвращает только те элементы, для которых функция вернула `True`.
Пример:
```python
numbers = [1, 2, 3, 4, 5]
even_numbers = list(filter(lambda x: x % 2 == 0, numbers))
print(even_numbers)  # Вывод: [2, 4]
```

3. `reduce`: Функция `reduce` из модуля `functools` применяет указанную функцию к первым двум элементам последовательности, затем к результату и следующему элементу и т.д., сводя все элементы к единственному значению.
Пример:
```python
from functools import reduce

numbers = [1, 2, 3, 4, 5]
sum_all = reduce(lambda x, y: x + y, numbers)
print(sum_all)  # Вывод: 15
```

Рассмотрим пример использования `map`, `filter` и `reduce` вместе:
```python
numbers = [1, 2, 3, 4, 5]
# Применяем map для возведения каждого числа в квадрат
squared = list(map(lambda x: x**2, numbers))
# Фильтруем только четные числа
even_numbers = list(filter(lambda x: x % 2 == 0, squared))
# Суммируем отфильтрованные числа
sum_even_numbers = reduce(lambda x, y: x + y, even_numbers)

print(sum_even_numbers)  # Вывод: 20
```"
"Итераторы  в  Python:  встроенные  итераторы,  создание  собственных
итераторов,  типичные  способы  обхода  итераторов  и  принцип  их  работы.
Встроенные функции для работы с итераторами и возможности модуля itertools.
Функции генераторы и выражения генераторы: создание и применение в Python.
Оценка сложности. Массивы, стеки, очереди, списки","Итераторы в Python представляют собой мощный инструмент для обработки данных и управления последовательностями. Давайте рассмотрим их более подробно.

### Итераторы в Python:

**Встроенные итераторы:**
1. **`iter()` и `next()`**: Функции `iter()` и `next()` позволяют создавать и использовать итераторы для перебора элементов коллекций.

2. **`range()`**: Функция `range()` создает итератор, представляющий арифметическую последовательность чисел.

3. **`enumerate()`**: Функция `enumerate()` позволяет получать индексы и значения элементов последовательности.

4. **`zip()`**: Функция `zip()` объединяет элементы нескольких последовательностей в итератор кортежей.

**Создание собственных итераторов:**
Для создания собственного итератора в Python необходимо определить класс с методами `__iter__()` и `__next__()`. Метод `__iter__()` должен возвращать сам объект, а `__next__()` возвращать следующий элемент или вызывать `StopIteration`.

**Модуль `itertools`:**
Модуль `itertools` содержит большое количество полезных функций для работы с итераторами, например, `chain()`, `count()`, `cycle()`, `repeat()` и другие.

**Генераторы и выражения генераторы:**
Генераторы позволяют создавать итерируемые объекты, не храня все значения в памяти. Генераторы создаются с использованием ключевого слова `yield`, а выражения генераторы - с использованием круглых скобок.

**Оценка сложности:**
Итераторы позволяют эффективно обрабатывать данные и управлять потоком исполнения кода. Использование генераторов и инструментов из модуля `itertools` позволяет сделать код более читаемым и эффективным.

**Массивы, стеки, очереди, списки:**
В Python существуют различные структуры данных, такие как массивы (`list`), стеки (например, с использованием модуля `collections`), очереди (например, с использованием модуля `queue"
"Специфика  массивов,  как  структур  данных.  Динамические  массивы  –
специфика работы, сложность операций. Специфика работа с array в Python.
Массивы являются одной из основных структур данных в программировании и представляют собой набор элементов одного типа, расположенных в памяти друг за другом. Для работы с массивами важно понимать их специфику, особенно когда речь идет о динамических массивах.","### Динамические массивы:

**Особенности работы:**
1. **Динамический размер:** Динамические массивы позволяют изменять свой размер в процессе выполнения программы, добавляя или удаляя элементы.

2. **Управление памятью:** При необходимости увеличения размера динамического массива выделяется новая область памяти большего размера, и старые элементы копируются в нее.

3. **Сложность операций:**
   - Доступ к элементу по индексу: O(1)
   - Вставка в конец: O(1) в среднем, O(n) в худшем случае (если необходимо расширить массив)
   - Удаление из конца: O(1)
   - Вставка/удаление в начало или середину: O(n) в худшем случае, так как может потребоваться сдвигать элементы.

### Работа с массивами в Python:

**Модуль `array`:**
В Python существует модуль `array`, который предоставляет тип данных `array`, представляющий собой упорядоченную коллекцию элементов одного типа, похожую на массивы в других языках программирования. Модуль `array` предоставляет простой интерфейс для работы с массивами.

**Использование списков:**
В языке Python динамические массивы часто реализуются с помощью списков (`list`), которые предоставляют удобные методы для добавления, удаления и обращения к элементам.

**Специфика работы:**
1. В Python индексация массивов начинается с 0.
2. Доступ к элементу массива осуществляется по индексу.
3. Для работы с массивами можно использовать циклы, методы списков (например, `append()` для добавления элемента) и срезы (slices).


Динамические массивы обладают удобством изменения размера, однако операции вставки и удаления элементов могут быть затратными по времени, особенно при большом количестве элементов. В Python удобно работать с массивами с помощью списков и модуля `array`, что упрощает разработку и обработку данных. Понимание специфики работы с массивами поможет эффективно использовать их в своих программах."
"Абстрактная структура данных стек и очередь: базовые и расширенные операции, их сложность.","Стек и очередь - это две популярные абстрактные структуры данных, которые широко применяются в программировании. Давайте рассмотрим базовые и расширенные операции для каждой из них, а также их сложность:

### Стек:

**Структура:**
Стек представляет собой линейную структуру данных, элементы которой добавляются и удаляются с конца структуры (вершины стека).

**Операции:**
1. **Push (добавление элемента):** Добавление элемента на вершину стека.
2. **Pop (удаление элемента):** Удаление верхнего элемента из стека.
3. **Peek (просмотр элемента):** Получение значения верхнего элемента без его удаления.

**Сложность операций:**
- Push: O(1)
- Pop: O(1)
- Peek: O(1)

### Очередь:

**Структура:**
Очередь представляет собой линейную структуру данных, элементы которой добавляются в конец и удаляются из начала (элемент, который находится в очереди дольше всех).

**Операции:**
1. **Enqueue (добавление элемента):** Добавление элемента в конец очереди.
2. **Dequeue (удаление элемента):** Удаление элемента из начала очереди.
3. **Peek (просмотр элемента):** Получение значения элемента в начале очереди без его удаления.

**Сложность операций:**
- Enqueue: O(1)
- Dequeue: O(1)
- Peek: O(1)

### Расширенные операции:

1. **Поиск элемента:** В стеке и очереди обычно не предусмотрен поиск элемента по значению, так как данные структуры не предполагают произвольный доступ к элементам.

2. **Использование двусторонней очереди (deque):** Двусторонняя очередь поддерживает операции добавления и удаления элементов с обоих концов. Она комбинирует функциональность стека и очереди.

3. **Реализация на основе массива или связанного списка:** Стек и очередь могут быть реализованы как на основе массива, так и на основе связанного списка. Сложность операций может изменяться в зависимости от выбранной структуры хранения.

Использование стека и очереди важно для эффективной реализации алгоритмов, таких как обходы деревьев, рекурсивные вызовы и управление ресурсами. Понимание основных и расширенных операций, а также их сложности, поможет выбрать подходящую структуру данных для решения конкретных задач."
Специфика реализации и скорости основных операций в очереди на базе ,"Очередь на базе массива и очередь на базе связанного списка - две популярные реализации очереди, каждая из которых имеет свои особенности по специфике реализации и скорости основных операций. Давайте рассмотрим их подробнее:

### Очередь на базе массива:

**Специфика реализации:**
- Элементы очереди хранятся в виде массива.
- Для реализации кольцевой очереди может использоваться техника использующая два указателя - на начало и на конец очереди.
- При нарушении порядка вставки и удаления элементов может потребоваться перенос элементов в массиве.

**Основные операции:**
1. **Enqueue (добавление элемента):** Вставка элемента в конец массива.
2. **Dequeue (удаление элемента):** Удаление элемента из начала массива.
3. **Peek (просмотр элемента):** Получение значения элемента в начале массива без его удаления.

**Скорость операций:**
- Enqueue: O(1) (в худшем случае O(n) при переносе элементов).
- Dequeue: O(1)
- Peek: O(1)

### Очередь на базе связанного списка:

**Специфика реализации:**
- Элементы очереди хранятся в виде узлов связанного списка.
- Имеется указатель на начало и конец списка.

**Основные операции:**
1. **Enqueue (добавление элемента):** Создание нового узла и присоединение его к концу связанного списка.
2. **Dequeue (удаление элемента):** Удаление узла из начала связанного списка.
3. **Peek (просмотр элемента):** Получение значения элемента в начале связанного списка без его удаления.

**Скорость операций:**
- Enqueue: O(1)
- Dequeue: O(1)
- Peek: O(1)

### Сравнение:
- Очередь на базе массива обычно требует более экономичной памяти, так как не требует дополнительного управления связями между узлами.
- Однако операции вставки и удаления в начале массива могут быть более затратными в массиве из-за необходимости сдвига элементов при переполнении или удалении.
- Очередь на базе связанного списка обеспечивает стабильные скорости операций за счет отсутствия необходимости перемещения элементов.

Выбор между очередью на базе массива и связанного списка зависит от конкретного случая использования, объема данных и требований к операциям."
"Связанные  списки:  однонаправленные  и  двунаправленные  –  принцип
реализации.  Сравнение  скорости  выполнения  основных  операций  в  связанных
списках и в динамическом массиве.","Сортировки
### Связанные списки:

**Однонаправленные связанные списки:**

- Каждый узел хранит данные и ссылку на следующий узел.
- Обход списка можно осуществлять только в одном направлении (от начала к концу).

**Двунаправленные связанные списки:**
- Каждый узел хранит данные, ссылку на предыдущий узел и ссылку на следующий узел.
- Это позволяет обходить список как в прямом, так и в обратном направлении.

### Принцип реализации и сравнение скорости операций:

**Скорость выполнения основных операций:**

- **Динамический массив:**
  - Добавление элемента в конец: O(1) (в среднем), возможно O(n) в худшем случае при переполнении массива.
  - Добавление элемента в начало: O(n), так как может потребоваться сдвиг всех элементов.
  - Удаление элемента: O(n) в среднем при удалении элемента из середины, O(1) при удалении с конца.
  - Поиск элемента: O(n), так как может потребоваться пройти весь массив.

- **Связанные списки:**
  - Добавление элемента в конец: O(1), так как можно просто создать новый узел и присоединить его к концу списка.
  - Добавление элемента в начало: O(1) для двунаправленных списков, O(n) для однонаправленных, так как потребуется переназначить ссылки.
  - Удаление элемента: O(1), если известен узел для удаления, так как можно переназначить ссылки.
  - Поиск элемента: O(n) в худшем случае, так как нужно пройти весь список.

### Сортировки:

*Важно обратить внимание, что для сортировки связанных списков чаще всего используются алгоритмы, учитывающие специфику работы с указателями и ссылками, например merge sort или quick sort с модификациями.*

- **Merge Sort:**
  - Разделяет список на половины, сортирует их рекурсивно и затем сливает.
  - Временная сложность: O(n log n).

- **Quick Sort:**
  - Выбирает опорный элемент, переставляет элементы так, чтобы элементы слева от опорного были меньше, а справа - больше.
  - Рекурсивно применяется к двум подспискам.
  - Временная сложность: В среднем O(n log n), в худшем случае O(n^2).

- **Bubble Sort, Selection Sort, Insertion Sort**:
  - В случае связанных списков менее эффективны из-за необходимости перемещения узлов.

### Выводы:

- Динамические массивы обычно обеспечивают быстрый доступ к элементам по индексу, но медленно работают с операциями вставки и удаления.
- Связанные списки удобны для операций добавления и удаления элементов, но могут потребовать больше памяти из-за ссылок между узлами.
- При выборе структуры данных для конкретной задачи важно учитывать требования по скорости и эффективности операций."
"Алгоритм обменной сортировки, сложность сортировки и возможности по
ее улучшению. ","Обменная сортировка (или пузырьковая сортировка) - это один из простейших алгоритмов сортировки, который проходит список несколько раз. На каждом проходе сравниваются соседние элементы и, если они находятся в неправильном порядке, меняются местами. Этот процесс продолжается до тех пор, пока не будет достигнут правильный порядок всех элементов.

Сложность сортировки пузырьком зависит от количества элементов в списке. В худшем случае время выполнения данного алгоритма составляет O(n^2), где n - количество элементов. Это связано с тем, что в худшем случае каждый элемент нужно сравнивать со всеми остальными элементами.

Возможности для улучшения алгоритма пузырьковой сортировки включают в себя:
1. **Оптимизация проходов:** Алгоритм пузырьковой сортировки может быть остановлен раньше, если на очередном проходе не было ни одного обмена элементов. Это позволяет уменьшить количество лишних итераций.

2. **Условие остановки:** Если на очередной итерации не было произведено ни одного обмена, это означает, что список уже отсортирован, и работу алгоритма можно завершить.

3. **Улучшенная реализация:** Например, с помощью флага, который указывает, были ли обмены на текущей итерации, можно существенно повысить эффективность алгоритма.

4. **Использование более эффективных алгоритмов:** Для больших объемов данных часто предпочтительнее использовать более эффективные алгоритмы сортировки, такие как быстрая сортировка или сортировка слиянием, которые имеют более низкую сложность по сравнению с пузырьковой сортировкой.

Эти улучшения помогают сократить количество лишних операций и улучшить производительность алгоритма сортировки пузырьком."
"Алгоритм сортировки выбором, сложность сортировки и возможности по
ее улучшению. ","Алгоритм сортировки выбором - это простой алгоритм сортировки, который на каждом шаге выбирает минимальный элемент из оставшихся и меняет его местами с элементом на текущей позиции. Алгоритм имеет сложность O(n^2) в среднем и в худшем случае, где n - количество элементов в списке.

Для улучшения производительности алгоритма сортировки выбором можно применить следующие оптимизации:

1. **Оптимизация поискa минимума:** Минимальный элемент можно искать не каждый раз среди всех оставшихся элементов, а ограничивать диапазон поиска. Например, можно хранить индекс минимального элемента и начинать поиск следующего минимального элемента с позиции после него.

2. **Использование условия остановки:** Если на очередной итерации не произошло обмена элементов, значит список уже отсортирован и алгоритм можно завершить.

3. **Применение более эффективных алгоритмов:** Для больших объемов данных рекомендуется использовать более эффективные алгоритмы сортировки, такие как быстрая сортировка или сортировка слиянием, которые имеют более низкую сложность.

4. **Реализация вариации алгоритма:** Например, вместо поиска минимального элемента на каждой итерации, можно искать и сортировать одновременно максимальный элемент, что также ускорит процесс сортировки.

Эти улучшения помогут сделать алгоритм сортировки выбором более эффективным и уменьшить количество лишних операций. Учитывая особенности данного алгоритма, он лучше подходит для небольших массивов, где не требуется высокая производительность."
"Алгоритм  сортировки  вставками,  его  сложность.  Алгоритм  быстрого
поиска  в  отсортированном  массиве.  Сложность  поиска  в  отсортированном  и  не
отсортированном массиве. ","**Алгоритм сортировки вставками:**

Алгоритм сортировки вставками работает следующим образом: на каждом шаге текущий элемент вставляется в уже отсортированную последовательность элементов, двигаясь от начала массива к его концу.

Сложность алгоритма сортировки вставками:
- В среднем и в худшем случае: O(n^2), где n - количество элементов в массиве.
- Лучший случай: O(n), если массив уже отсортирован или почти отсортирован.

**Алгоритм быстрого поиска в отсортированном массиве:**

Быстрый поиск в отсортированном массиве (обычно используется в отсортированном массиве методом быстрой сортировки) осуществляется путем деления массива пополам и сравнения искомого элемента с серединой массива. Если элемент равен середине, то поиск завершается. В противном случае алгоритм рекурсивно продолжает поиск в соответствующей половине массива.

Сложность быстрого поиска в отсортированном массиве:
- В худшем случае: O(log n), где n - количество элементов в массиве.

**Сложность поиска в отсортированном и неотсортированном массиве:**
- Поиск в отсортированном массиве при использовании алгоритма быстрого поиска имеет сложность O(log n).
- Поиск в неотсортированном массиве без использования дополнительных структур данных имеет сложность O(n), так как потребуется проверка каждого элемента.

Вывод: Использование отсортированного массива значительно ускоряет процесс поиска благодаря возможности применения быстрого поиска. Быстрое время выполнения поиска в отсортированном массиве делает его предпочтительным вариантом для случаев, когда требуется эффективное нахождение элементов.
"
"Алгоритм сортировки Шелла, сложность сортировки и возможности по ее
улучшению. ","**Алгоритм сортировки Шелла:**

Алгоритм сортировки Шелла является модификацией сортировки вставками и основан на идее сортировки подпоследовательностей элементов (последовательности с некоторым фиксированным шагом). Суть алгоритма заключается в том, что на начальном этапе сравниваются и сортируются элементы на определенном расстоянии друг от друга, после чего расстояние между элементами уменьшается, и процесс повторяется.

**Сложность сортировки Шелла:**

Сложность сортировки Шелла зависит от выбранной последовательности шагов, но в среднем случае обычно оценивается как O(n log n) или даже лучше. Однако в худшем случае сложность может быть квадратичной, что делает его менее эффективным по сравнению с другими алгоритмами сортировки.

**Возможности улучшения сортировки Шелла:**

1. **Выбор последовательности шагов**: Оптимальный выбор последовательности шагов может влиять на производительность сортировки Шелла. Существуют различные варианты последовательностей шагов, которые могут улучшить эффективность алгоритма.

2. **Оптимизация для конкретных случаев**: В зависимости от особенностей данных, с которыми работает сортировка, можно проводить оптимизацию алгоритма. Например, для почти отсортированных данных можно использовать модифицированный алгоритм.

3. **Использование других методов сортировки**: В некоторых случаях можно комбинировать сортировку Шелла с другими алгоритмами сортировки, чтобы добиться лучшей производительности. Например, использовать сортировку Шелла для предварительной сортировки, а затем применить более эффективный алгоритм для финальной сортировки.

4. **Параллельная реализация**: В случае больших объемов данных можно рассмотреть возможность параллельной реализации алгоритма сортировки Шелла для ускорения обработки.

Улучшение сортировки Шелла может быть достигнуто за счет тщательного выбора параметров алгоритма и его применения в соответствии с особенностями задачи."
"Алгоритм быстрой сортировки, сложность сортировки и возможности по
ее улучшению. ","**Алгоритм быстрой сортировки:**

Алгоритм быстрой сортировки (QuickSort) является одним из самых эффективных алгоритмов сортировки. Основная идея заключается в выборе опорного элемента, относительно которого происходит разделение массива на две подгруппы: элементы, меньше опорного, и элементы, больше опорного. Затем рекурсивно применяется тот же алгоритм к каждой из подгрупп.

**Сложность сортировки QuickSort:**

Средняя временная сложность алгоритма QuickSort составляет O(n log n), что делает его одним из самых эффективных алгоритмов сортировки среди сортировок сравнениями. Однако в худшем случае сложность может быть квадратичной O(n^2), например, при неудачном выборе опорного элемента.

**Возможности улучшения сортировки QuickSort:**

1. **Выбор оптимального опорного элемента**: Один из ключевых моментов оптимизации QuickSort - правильный выбор опорного элемента. Важно выбирать опорный элемент таким образом, чтобы минимизировать число перестановок и сделать разбиение более равномерным.

2. **Оптимизация для маленьких массивов**: Для маленьких массивов можно использовать другие алгоритмы сортировки, такие как сортировка вставками, чтобы избежать излишних рекурсивных вызовов и повысить производительность.

3. **Оптимизация стека вызовов**: При использовании рекурсии в QuickSort может возникнуть проблема переполнения стека вызовов. Один из способов улучшения - использование итеративной реализации или оптимизация рекурсивных вызовов.

4. **Рандомизация выбора опорного элемента**: Использование случайного выбора опорного элемента может помочь уменьшить вероятность худшего случая и улучшить общую производительность алгоритма.

5. **Трехэтапное разбиение**: Вместо двух групп можно разделять массив на три группы - элементы меньше опорного, равные опорному и больше опорного. Это может улучшить производительность алгоритма в определенных случаях.

Улучшение алгоритма QuickSort основывается на оптимизации выбора опорного элемента, уменьшении числа рекурсивных вызовов и других методах, направленных на повышение его эффективности и устойчивости к различным ситуациям.
"
"Алгоритм сортировки слиянием, сложность сортировки.
Деревья ","**Алгоритм сортировки слиянием:**

Алгоритм сортировки слиянием (Merge Sort) это эффективный алгоритм сортировки, который основан на разделении и слиянии массива. Основная идея алгоритма заключается в разделении исходного массива пополам до получения отсортированных подмассивов, которые затем объединяются в отсортированный массив.

Процесс сортировки слиянием обычно включает в себя следующие шаги:
1. Разделение исходного массива на две равные части.
2. Рекурсивная сортировка каждой половины массива.
3. Слияние двух отсортированных половин в один отсортированный массив.

**Сложность сортировки слиянием:**

Временная сложность алгоритма сортировки слиянием составляет O(n log n) в худшем, лучшем и среднем случае. Это делает его одним из самых эффективных алгоритмов сортировки среди сортировок сравнениями. Однако алгоритм требует дополнительной памяти для хранения промежуточных данных при слиянии подмассивов.

**Деревья:**

В контексте компьютерных наук, деревья являются одной из основных структур данных. Дерево состоит из узлов, объединенных ребрами. Каждый узел имеет родителя, один или несколько потомков и некоторое значение.

Деревья используются для эффективного представления и организации данных. Некоторые типы деревьев, такие как бинарные деревья поиска, AVL-деревья, красно-черные деревья и деревья Хаффмана, имеют широкое применение в программировании и информационных технологиях.

Деревья могут быть использованы для решения различных задач, таких как поиск, сортировка, хранение и организация данных. Они предоставляют эффективные способы работы с динамическими данными и обеспечивают высокую производительность при правильной реализации."
"Реализация  двоичных  деревьев  в  виде  связанных  объектов.  Различные
реализации рекурсивного обхода двоичных деревьев. ","Рекурсивный обход двоичных деревьев может быть реализован с помощью трех основных методов: обход в прямом порядке (preorder), обход в симметричном порядке (inorder) и обход в обратном порядке (postorder).

1. Обход в прямом порядке (preorder):
   - Посещение узла;
   - Рекурсивный обход левого поддерева;
   - Рекурсивный обход правого поддерева.

2. Обход в симметричном порядке (inorder):
   - Рекурсивный обход левого поддерева;
   - Посещение узла;
   - Рекурсивный обход правого поддерева.

3. Обход в обратном порядке (postorder):
   - Рекурсивный обход левого поддерева;
   - Рекурсивный обход правого поддерева;
   - Посещение узла.

Каждый из этих методов имеет свои особенности и может быть использован в зависимости от поставленной задачи. Обход дерева в различных порядках позволяет выполнять различные операции над узлами дерева.

Рекурсивные методы обхода дерева позволяют легко и элегантно реализовывать алгоритмы для работы с деревьями. Они основаны на принципе передачи управления от узла к узлу, что позволяет обрабатывать различные сценарии и контролировать порядок обработки узлов."
"Двоичное  дерево  поиска  –  принципы  реализации  и  логика  реализации
основных операций. ","Двоичное дерево поиска (Binary Search Tree, BST) - это бинарное дерево, в котором каждый узел имеет ключ, и ключи узлов в левом поддереве меньше ключа узла, а ключи узлов в правом поддереве больше ключа узла. Это позволяет эффективно выполнять операции поиска, вставки и удаления элементов.

Принципы реализации двоичного дерева поиска:
1. Каждый узел может содержать ссылки на левого и правого потомка, а также ключ (значение).
2. Начальный узел дерева является корневым узлом.
3. При вставке нового элемента, он сравнивается с ключом текущего узла, и вставляется либо в левое поддерево (если меньше), либо в правое поддерево (если больше).
4. Поиск элемента осуществляется сравнением ключа искомого элемента с ключами узлов, начиная с корневого и двигаясь влево или вправо по дереву.
5. Удаление элемента может быть выполнено различными способами в зависимости от его положения в дереве.

Основные операции в двоичном дереве поиска:
1. Вставка: новый элемент сравнивается с ключами узлов по пути от корня к листьям, и вставляется в нужное место.
2. Поиск: начиная с корня, происходит сравнение искомого ключа с ключами узлов для определения наличия элемента в дереве.
3. Удаление: находится узел с удаляемым элементом, и в зависимости от положения узла и наличия потомков, выполняется соответствующая операция.

Двоичное дерево поиска обладает свойством сбалансированности, что позволяет эффективно выполнять операции поиска, вставки и удаления элементов в среднем за время O(log n), где n - количество элементов в дереве. Реализация и логика операций в двоичном дереве поиска позволяют эффективно работать с данными, упорядочивая их для более быстрого доступа и обработки."
"Двоичная  куча  –  принципы  реализации  и  логика  реализации  основных
операций.
Хэш-таблицы ","Двоичная куча (Binary Heap) - это структура данных, представляющая собой полное бинарное дерево, у которого каждый узел имеет значение, обычно называемое ключом. В двоичной куче обычно два основных вида: мин-куча (min-heap), в которой значение каждого узла меньше значений его потомков, и макс-куча (max-heap), где значения узлов больше значений потомков.

Принципы реализации двоичной кучи:
1. Куча обычно реализуется в виде массива, где узлы дерева хранятся последовательно.
2. В мин-куче минимальный элемент находится в корне, а в макс-куче максимальный элемент.
3. Для обеспечения свойства кучи после вставки или удаления элемента, применяются операции поднимания (sift-up) и опускания (sift-down) элемента по дереву.

Основные операции в двоичной куче:
1. Вставка: новый элемент добавляется в конец массива, а затем происходит просеивание вверх (sift-up), чтобы восстановить свойство кучи.
2. Извлечение минимального (максимального) элемента: минимальный (максимальный) элемент находится в корне. После извлечения этого элемента, последний элемент массива перемещается на место корня и выполняется просеивание вниз (sift-down).
3. Обновление ключа: если значение узла изменяется, необходимо выполнить соответствующие операции просеивания вверх или вниз, чтобы сохранить свойство кучи.
4. Построение кучи: из данного массива элементов можно построить двоичную кучу эффективно, применяя просеивание вниз ко всем узлам, начиная с узлей на последнем уровне и двигаясь вверх по дереву.

Хеш-таблицы (Hash Tables) представляют собой структуру данных, в которой данные хранятся в виде пар ""ключ-значение"". Основная идея хеш-таблицы заключается в использовании хеш-функции для быстрого поиска и доступа к данным.

Принципы реализации хеш-таблиц:
1. Хеш-функция используется для преобразования ключа в индекс массива, где будет храниться значение.
2. В случае коллизий (когда разным ключам соответствует один и тот же индекс массива), используются различные методы разрешения коллизий, такие как метод цепочек или метод открытой адресации.
3. Хеш-таблицы обычно поддерживают операции вставки, поиска и удаления элементов за время O(1) в среднем случае.

Основные операции в хеш-таблицах:
1. Вставка: ключ и соответствующее значение добавляются в хеш-таблицу. Хеш-функция определяет индекс массива для хранения значения.
2. Поиск: используя хеш-функцию, определяется индекс массива, где возможно содержится значение с данным ключом.
3. Удаление: поиск элемента по ключу и его удаление из хеш-таблицы.
4. Разрешение коллизий: в случае возникновения коллизий определяется способ разрешения, чтобы корректно обрабатывать данные.

Хеш-таблицы широко применяются в программировании для эффективного хранения и поиска данных, особенно в случаях, когда необходимо обеспечить быстрый доступ к информации по ключу.
"
"Абстрактный  тип  данных  -  ассоциативный  массив  и  принцип  его
реализации на основе хэш-таблиц и хэш-функций","Абстрактный тип данных (Abstract Data Type, ADT) представляет собой математическую модель данных, определяющую множество значений, а также набор операций, которые могут быть выполнены над этими значениями. Один из самых распространенных примеров абстрактного типа данных - это ассоциативный массив.

Ассоциативный массив (или словарь, или хеш-таблица) представляет собой коллекцию пар ""ключ-значение"", где каждому ключу соответствует определенное значение. Операции, которые часто предоставляются для работы с ассоциативным массивом, включают добавление элемента, удаление элемента, получение значения по ключу и обновление значения по ключу.

Принцип реализации ассоциативного массива на основе хеш-таблиц заключается в использовании хеш-функций для быстрого поиска и доступа к данным. Хеш-функция принимает ключ и возвращает индекс (хеш) в массиве, где будет храниться значение с данным ключом.

Основные шаги реализации ассоциативного массива на основе хеш-таблиц:
1. Создание массива нужного размера для хранения пар ключ-значение.
2. Разработка хеш-функции, которая преобразует ключ в индекс массива.
3. Обработка коллизий: возможны ситуации, когда разным ключам соответствует один и тот же индекс массива. Разрешение коллизий может происходить с использованием различных методов, например, метод цепочек (chaining) или открытой адресации (open addressing).
4. Реализация операций добавления, удаления, поиска и обновления элементов с помощью хеш-таблицы.

Использование ассоциативных массивов на основе хеш-таблиц позволяет эффективно работать с большим объемом данных, обеспечивая быстрый доступ к элементам по ключу. Однако важно правильно подбирать размер хеш-таблицы и хорошо спроектировать хеш-функцию для минимизации коллизий и обеспечения высокой производительности структуры данных."
".Общая  схема  построения  хэш-функции  и  возможная  роль  в  этой  схеме
хэш-функции multiply-add-and-divide. Принцип работы хэш-функции multiply-add-
and-divide. ","Хэш-функция - это функция, которая преобразует входные данные (например, строку или число) определенного размера в число фиксированного размера, которое обычно используется для индексирования таблиц или структур данных, таких как хеш-таблицы. Цель хэш-функции - равномерно распределять данные, чтобы минимизировать коллизии.

Одним из способов построения хэш-функции является метод ""multiply-add-and-divide"" (""умножить-прибавить-разделить""). В этом методе используются три простых математических операции: умножение, сложение и деление.

Общая схема построения хэш-функции ""multiply-add-and-divide"":
1. Умножение: входные данные умножаются на некоторое константное число.
2. Прибавление: к результату умножения добавляется некоторое смещение.
3. Деление: итоговое значение делится на число, обычно являющееся степенью двойки, чтобы получить финальный хэш.

Принцип работы хэш-функции ""multiply-add-and-divide"":
1. Принимается входное значение, которое требуется хешировать.
2. Оно умножается на константное число.
3. К результату умножения добавляется некоторое смещение.
4. Полученное значение делится на число, обычно являющееся степенью двойки.
5. Результат деления становится хэшем и может использоваться для индексации.

Хэш-функция ""multiply-add-and-divide"" является простым и быстрым способом генерации хешей, и, как и любая хэш-функция, требует тщательного подбора констант и параметров для обеспечения минимального количества коллизий.Этот метод подходит для различных типов данных и может быть эффективным в различных приложениях, где требуется хэширование."
"Полиномиальная  хэш-функция  –  принцип  работы,  специфика
эффективной реализации и специфика применения хэш-функции. ","Полиномиальная хэш-функция – это один из способов вычисления хэш-значения для строк. Ее принцип работы заключается в том, что для каждого символа строки вычисляется степень некоторого числа (чаще всего простого числа), а затем эти степени складываются по модулю некоторого большого простого числа. Таким образом, хэш-функция отображает строку на целое число в определенном диапазоне.
Эффективная реализация полиномиальной хэш-функции требует выполнения нескольких условий:
Выбор подходящих простых чисел для степени и модуля. Они должны быть достаточно большими, чтобы обеспечить хорошее распределение хэш-значений, но не слишком большими, чтобы не замедлять вычисления.
Оптимизация вычислений степеней. Для этого можно использовать технику возведения в степень по модулю, которая позволяет избежать переполнения и ускорить вычисления.
Учет особенностей реализации для разных типов данных. Например, для строк с фиксированной длиной можно предвычислить степени символов и использовать их для быстрого вычисления хэш-значения.
Полиномиальная хэш-функция широко применяется в различных областях, где необходимо эффективно хэшировать строки. Она используется в алгоритмах поиска подстрок, сравнения строк, сжатия данных и многих других."
Различные методы разрешения коллизий в хэш-таблицах. ,"Коллизии – это ситуация, когда два или более различных элементов данных имеют одинаковое хэш-значение. Существуют несколько методов разрешения коллизий в хэш-таблицах:
Метод открытой адресации (открытого хэширования):
Линейное пробирование: если ячейка занята, мы переходим к следующей ячейке в хэш-таблице и так далее, пока не найдем свободную ячейку.
Квадратичное пробирование: схожий метод, но переход происходит не по единице, а по квадратам.
Двойное хэширование: используются две хэш-функции, если первая дает коллизию, применяется вторая для поиска следующей ячейки.
Метод цепочек (закрытого хэширования):
Каждая ячейка хэш-таблицы представляет собой связный список или другую подходящую структуру данных.
При коллизии новый элемент добавляется в конец соответствующего списка.
Преимущество: простая реализация, но возможны длинные списки, замедляющие операции.
Метод открытого хэширования с двойным хэшированием:
Используются две хэш-функции: одна для вычисления индекса ячейки, вторая для определения шага перехода при коллизии.
Преимущество: хорошее распределение элементов и отсутствие кластеризации.
Выбор метода разрешения коллизий зависит от конкретной задачи, распределения данных, допустимого времени выполнения операций и других факторов. Важно учитывать преимущества и недостатки каждого метода для достижения оптимальной производительности."
